pkuid,pkuid,dist
C1,H1,83.3182747
C1,H2,60.9485936
C1,H3,23.5126901
C1,H4,141.2521743
C1,H5,197.3536655
C1,H6,294.845344
C1,H7,337.1420971
C2,H1,401.9688538
C2,H2,426.5651355
C2,H3,425.062927
C2,H4,396.1821826
C2,H5,376.0955804
C2,H6,274.3785225
C2,H7,236.397542
C3,H1,431.7511813
C3,H2,316.8585577
C3,H3,451.2186892
C3,H4,518.426739
C3,H5,537.0444788
C3,H6,459.098755
C3,H7,43.8522166
